target_retention,selection_policy,mode,ber_start_inclusive,ber_end_inclusive
0.95,selected_pooled_observed_monotonic,base,1e-09,5e-09
0.95,selected_pooled_observed_monotonic,inter,7e-09,2e-06
0.95,selected_pooled_observed_monotonic,intra,3e-06,8e-06
0.95,selected_pooled_observed_monotonic,unrepairable,9e-06,0.0001
0.95,selected_pooled_wilson_monotonic,base,1e-09,1e-09
0.95,selected_pooled_wilson_monotonic,unrepairable,3e-09,0.0001
0.95,selected_conservative_observed_monotonic,base,1e-09,1e-09
0.95,selected_conservative_observed_monotonic,inter,3e-09,1e-06
0.95,selected_conservative_observed_monotonic,intra,2e-06,5e-06
0.95,selected_conservative_observed_monotonic,unrepairable,7e-06,0.0001
0.95,selected_conservative_wilson_monotonic,unrepairable,1e-09,0.0001
0.97,selected_pooled_observed_monotonic,base,1e-09,5e-09
0.97,selected_pooled_observed_monotonic,inter,7e-09,2e-06
0.97,selected_pooled_observed_monotonic,intra,3e-06,8e-06
0.97,selected_pooled_observed_monotonic,unrepairable,9e-06,0.0001
0.97,selected_pooled_wilson_monotonic,base,1e-09,1e-09
0.97,selected_pooled_wilson_monotonic,unrepairable,3e-09,0.0001
0.97,selected_conservative_observed_monotonic,base,1e-09,1e-09
0.97,selected_conservative_observed_monotonic,inter,3e-09,1e-06
0.97,selected_conservative_observed_monotonic,intra,2e-06,5e-06
0.97,selected_conservative_observed_monotonic,unrepairable,7e-06,0.0001
0.97,selected_conservative_wilson_monotonic,unrepairable,1e-09,0.0001
0.98,selected_pooled_observed_monotonic,base,1e-09,5e-09
0.98,selected_pooled_observed_monotonic,inter,7e-09,2e-06
0.98,selected_pooled_observed_monotonic,intra,3e-06,8e-06
0.98,selected_pooled_observed_monotonic,unrepairable,9e-06,0.0001
0.98,selected_pooled_wilson_monotonic,base,1e-09,1e-09
0.98,selected_pooled_wilson_monotonic,unrepairable,3e-09,0.0001
0.98,selected_conservative_observed_monotonic,base,1e-09,1e-09
0.98,selected_conservative_observed_monotonic,inter,3e-09,1e-06
0.98,selected_conservative_observed_monotonic,intra,2e-06,5e-06
0.98,selected_conservative_observed_monotonic,unrepairable,7e-06,0.0001
0.98,selected_conservative_wilson_monotonic,unrepairable,1e-09,0.0001
